loading,KRROOD,$\mathbf{8.38 \pm 0.07}$,"339\,MB",$\mathbf{90.6 \pm 0.88}$,"1.95\,GB"
loading,RDFLib,$>10800$,"5.78\,GB",$>10800$,"2.38\,GB"
loading,Owlready2,$39.2 \pm 0.94$,"2.29\,GB",failed,"2.32\,GB"
loading,GraphDB,$1210$,"7.73\,GB",$748$,"8.10\,GB"
loading,KRROOD + ORMatic,$28.9 \pm 0.11$,"1.55\,GB",$114 \pm 0.38$,"3.03\,GB"
loading,Eager chaining,$>7200$,"768\,MB",n/a,n/a
query,Q2,7421,$\mathbf{1.76 \pm 0.12}$,$16.42 \pm 4.40$,$42.62 \pm 0.90$,$77.30 \pm 15.17$,$115.36 \pm 15.23$,
query,Q3,55,$\mathbf{0.16 \pm 0.27}$,$2.08 \pm 0.29$,$0.75 \pm 0.14$,$1.56 \pm 0.07$,$34.69 \pm 0.42$,
query,Q4,2486,$\mathbf{1.64 \pm 0.32}$,$6.00 \pm 1.05$,$22.73 \pm 1.95$,$65.72 \pm 128.28$,$69.27 \pm 7.02$,
query,Q5,20,$\mathbf{0.17 \pm 0.15}$,$1.42 \pm 0.31$,$0.35 \pm 0.03$,$1.17 \pm 0.06$,$5.40 \pm 0.22$,
query,Q7,1684,$\mathbf{0.68 \pm 0.09}$,$4.04 \pm 0.30$,$6.91 \pm 0.11$,$17.26 \pm 0.15$,$88.76 \pm 8.61$,
query,Q8,6,$\mathbf{0.08 \pm 0.10}$,$1.30 \pm 0.19$,$0.50 \pm 0.02$,$1.04 \pm 0.02$,$34.40 \pm 0.47$,
query,Q9,0,$\mathbf{0.34 \pm 0.30}$,$1.39 \pm 0.23$,$0.36 \pm 0.02$,$0.98 \pm 0.08$,$0.41 \pm 0.03$,
query,Q10,666,$\mathbf{0.28 \pm 0.11}$,$2.25 \pm 0.34$,$14.88 \pm 0.29$,$8.87 \pm 0.12$,$58.05 \pm 0.65$,
query,Q11,2422,$\mathbf{0.61 \pm 0.10}$,$5.13 \pm 1.12$,$24.12 \pm 0.25$,$24.12 \pm 0.14$,$62.94 \pm 11.39$,
query,Q12,2494,$8.61 \pm 0.26$,$\mathbf{5.55 \pm 1.56}$,$13.44 \pm 0.20$,$19.65 \pm 0.09$,$70.61 \pm 20.69$,
query,Q13,0,$0.71 \pm 0.33$,$1.60 \pm 0.42$,$\mathbf{0.30 \pm 0.01}$,$0.98 \pm 0.04$,$0.47 \pm 0.02$,
query,Q14,0,$\mathbf{0.19 \pm 0.20}$,$1.19 \pm 0.17$,$0.29 \pm 0.01$,$0.94 \pm 0.03$,$0.47 \pm 0.01$,
query,Q15,21,$\mathbf{0.14 \pm 0.10}$,$1.10 \pm 0.18$,$7.64 \pm 0.21$,$1.17 \pm 0.12$,$22.81 \pm 0.33$,
query,Q16,21,$\mathbf{0.12 \pm 0.07}$,$1.25 \pm 0.34$,$0.49 \pm 0.05$,$1.14 \pm 0.05$,$20.98 \pm 0.37$,
query,Q19,858,$2.48 \pm 0.91$,$3.06 \pm 0.74$,$\mathbf{2.29 \pm 0.12}$,$7.29 \pm 0.13$,$34.24 \pm 0.49$,
query,Q20,1311932,$\mathbf{1014.88 \pm 142.72}$,$1916.61 \pm 67.28$,$5873.06 \pm 178.82$,$22478.19 \pm 447.06$,$1762.38 \pm 105.76$,
query,Q21,145,$5.84 \pm 1.12$,$\mathbf{1.83 \pm 0.56}$,$58.05 \pm 0.72$,$30.71 \pm 0.54$,$5.65 \pm 0.04$,
query,Q22,106,$9.38 \pm 1.88$,$\mathbf{1.36 \pm 0.06}$,$214.36 \pm 0.86$,$1386.14 \pm 13.87$,$4.38 \pm 0.04$,
query,geometric_mean,,$\mathbf{0.98}$,$3.47$,$5.93$,$11.04$,$18.66$,"over [2, 3, 4, 5, 7, 8, 9, 10, 11, 12, 13, 14, 15, 16, 19, 20, 21, 22]"
